<?xml version="1.0" encoding="UTF-8"?>
<!DOCTYPE hibernate-mapping PUBLIC 
  "-//Hibernate/Hibernate Mapping DTD 3.0//EN"
  "http://hibernate.sourceforge.net/hibernate-mapping-3.0.dtd">
<hibernate-mapping>
    <class name="com.cy.entity.TransactionType" table="transaction_type" catalog="bank">
        <id name="id" type="java.lang.Integer">
            <column name="id"></column>
            <generator class="native"></generator>
        </id>
        <property name="name" type="java.lang.String">
            <column name="name" length="50"></column>
        </property>  
        <set name="transactionLogs" inverse="true" lazy="false">
            <key>
                <column name="ta_type"></column>
            </key>
            <one-to-many class="com.cy.entity.TransactionLog"/>
        </set>   
    </class>
</hibernate-mapping>